 ;Image;Region;Area-B;Area-G;Mean-B;Mean-G;IntDen-B;IntDen-G
1;01-DAPI-1-40x-402ms.tif;BL;0.0181;0.0181;86.6048;3.1916;1.5693;0.0578
2;01-DAPI-1-40x-402ms.tif;BL;0.0133;0.0133;108.2276;3.4146;1.4444;0.0456
3;01-DAPI-1-40x-402ms.tif;BL;0.0202;0.0202;62.2097;0.9946;1.2555;0.0201
4;01-DAPI-1-40x-402ms.tif;BL;0.1021;0.1021;68.8746;1.5367;7.0324;0.1569
5;01-DAPI-1-40x-402ms.tif;BL;0.0347;0.0347;62.0375;1.5688;2.1541;0.0545
6;01-DAPI-1-40x-402ms.tif;BL;0.0275;0.0275;43.5296;1.5059;1.195;0.0413
7;01-DAPI-1-40x-402ms.tif;BL;0.0584;0.0584;50.2286;1.5149;2.9322;0.0884
8;01-DAPI-1-40x-402ms.tif;BL;0.0297;0.0297;62.5985;2.0803;1.8611;0.0618
9;01-DAPI-1-40x-402ms.tif;BL;0.0221;0.0221;65.9069;2.1471;1.4589;0.0475
10;01-DAPI-1-40x-402ms.tif;BL;0.0256;0.0256;70.2797;1.8983;1.7997;0.0486
11;01-DAPI-1-40x-402ms.tif;BL;0.018;0.018;71.9217;1.3795;1.2955;0.0248
12;01-DAPI-1-40x-402ms.tif;BL;0.0353;0.0353;51.4462;1.5077;1.8142;0.0532
13;01-DAPI-1-40x-402ms.tif;BL;0.0271;0.0271;49.488;1.544;1.3424;0.0419
14;01-DAPI-1-40x-402ms.tif;BL;0.035;0.035;62.192;2.2848;2.1797;0.0801
15;01-DAPI-1-40x-402ms.tif;BL;0.0371;0.0371;85.4591;1.7982;3.1713;0.0667
16;01-DAPI-1-40x-402ms.tif;BL;0.0291;0.0291;57.5336;2.0709;1.6731;0.0602
17;01-DAPI-1-40x-402ms.tif;BL;0.0228;0.0228;67.1571;2.6714;1.5303;0.0609
18;01-DAPI-1-40x-402ms.tif;BL;0.0116;0.0116;96.4486;2.9159;1.1198;0.0339
19;01-DAPI-1-40x-402ms.tif;BL;0.0627;0.0627;56.9498;1.9135;3.5717;0.12
20;01-DAPI-1-40x-402ms.tif;BL;0.0186;0.0186;71.9591;1.7018;1.3352;0.0316
21;01-DAPI-1-40x-402ms.tif;BL;0.0537;0.0537;53.0768;1.3192;2.8508;0.0709
22;01-DAPI-1-40x-402ms.tif;BL;0.0795;0.0795;76.7531;2.3861;6.1046;0.1898
23;01-DAPI-1-40x-402ms.tif;BL;0.0378;0.0378;50.6264;2.1149;1.9117;0.0799
24;01-DAPI-1-40x-402ms.tif;BL;0.0278;0.0278;63.5195;2.4883;1.7644;0.0691
25;01-DAPI-1-40x-402ms.tif;BL;0.0674;0.0674;68.6409;2.3462;4.6252;0.1581
26;01-DAPI-1-40x-402ms.tif;BL;0.043;0.043;55.0581;1.7904;2.3658;0.0769
27;01-DAPI-1-40x-402ms.tif;BL;0.0335;0.0335;55.3463;1.5858;1.8557;0.0532
28;01-DAPI-1-40x-402ms.tif;BL;0.0388;0.0388;52.6341;1.7654;2.0446;0.0686
29;01-DAPI-1-40x-402ms.tif;BL;0.073;0.073;55.3165;1.5498;4.0395;0.1132
30;01-DAPI-1-40x-402ms.tif;BL;0.0407;0.0407;50.344;1.4027;2.0485;0.0571
31;01-DAPI-1-40x-402ms.tif;BL;0.0191;0.0191;45.1932;1.5227;0.8631;0.0291
32;01-DAPI-1-40x-402ms.tif;BL;0.022;0.022;60.7389;1.8424;1.3379;0.0406
33;01-DAPI-1-40x-402ms.tif;BL;0.0112;0.0112;60.6408;2.301;0.6777;0.0257
34;01-DAPI-1-40x-402ms.tif;BL;0.006;0.006;62.6545;1.7091;0.3739;0.0102
35;01-DAPI-1-40x-402ms.tif;BL;0.014;0.014;68.8062;2.2326;0.9631;0.0312
36;01-DAPI-1-40x-402ms.tif;BL;0.0571;0.0571;57.8973;1.5913;3.3045;0.0908
37;01-DAPI-1-40x-402ms.tif;BL;0.0381;0.0381;61.3618;1.7407;2.337;0.0663
38;01-DAPI-1-40x-402ms.tif;BL;0.0202;0.0202;56.8656;0.9462;1.1477;0.0191
39;01-DAPI-1-40x-402ms.tif;BL;0.0506;0.0506;49.9742;1.6674;2.5269;0.0843
40;01-DAPI-1-40x-402ms.tif;BL;0.0174;0.0174;52.7938;1.0188;0.9166;0.0177
41;01-DAPI-1-40x-402ms.tif;BL;0.0242;0.0242;66.704;1.6323;1.614;0.0395
42;01-DAPI-1-40x-402ms.tif;BL;0.0268;0.0268;65.6154;1.7287;1.7586;0.0463
43;01-DAPI-1-40x-402ms.tif;BL;0.0169;0.0169;47.5577;1.5962;0.805;0.027
44;01-DAPI-1-40x-402ms.tif;BL;0.0158;0.0158;53.6301;1.4589;0.8496;0.0231
45;01-DAPI-1-40x-402ms.tif;BL;0.0211;0.0211;65.7784;1.5412;1.3847;0.0324
46;02-DAPI-1-40x-402ms.tif;BL;0.049;0.049;47.4823;3.5465;2.3288;0.1739
47;02-DAPI-1-40x-402ms.tif;BL;0.0227;0.0227;72.244;2.6124;1.6383;0.0592
48;02-DAPI-1-40x-402ms.tif;BL;0.0151;0.0151;77.5899;11.554;1.1702;0.1743
49;02-DAPI-1-40x-402ms.tif;BL;0.0165;0.0165;71.7434;2.2566;1.1833;0.0372
50;02-DAPI-1-40x-402ms.tif;BL;0.0161;0.0161;72.4392;6.027;1.1633;0.0968
51;02-DAPI-1-40x-402ms.tif;BL;0.0115;0.0115;80.9245;2.3868;0.9308;0.0275
52;02-DAPI-1-40x-402ms.tif;BL;0.0417;0.0417;51.4089;1.6094;2.142;0.0671
53;02-DAPI-1-40x-402ms.tif;BL;0.0175;0.0175;76.4472;2.764;1.3355;0.0483
54;02-DAPI-1-40x-402ms.tif;BL;0.0141;0.0141;60.7462;2.4231;0.8569;0.0342
55;02-DAPI-1-40x-402ms.tif;BL;0.023;0.023;69.5472;1.9104;1.5998;0.0439
56;02-DAPI-1-40x-402ms.tif;BL;0.015;0.015;53.5652;1.4348;0.8021;0.0215
57;02-DAPI-1-40x-402ms.tif;BL;0.0292;0.0292;69.5539;1.2788;2.0302;0.0373
58;02-DAPI-1-40x-402ms.tif;BL;0.0302;0.0302;66.8201;1.1115;2.0156;0.0335
59;02-DAPI-1-40x-402ms.tif;BL;0.0207;0.0207;74.6702;2.1257;1.5475;0.0441
60;02-DAPI-1-40x-402ms.tif;BL;0.0141;0.0141;54.7308;1.7615;0.772;0.0248
61;02-DAPI-1-40x-402ms.tif;BL;0.0335;0.0335;59.6505;1.9644;2;0.0659
62;02-DAPI-1-40x-402ms.tif;BL;0.0739;0.0739;57.4581;1.6373;4.2458;0.121
63;02-DAPI-1-40x-402ms.tif;BL;0.041;0.041;55.3175;1.6905;2.2689;0.0693
64;02-DAPI-1-40x-402ms.tif;BL;0.0253;0.0253;53.4077;1.5408;1.3503;0.039
65;02-DAPI-1-40x-402ms.tif;BL;0.0212;0.0212;73.6051;3.2974;1.5574;0.0698
66;02-DAPI-1-40x-402ms.tif;BL;0.0201;0.0201;55.8216;1.6432;1.1206;0.033
67;02-DAPI-1-40x-402ms.tif;BL;0.017;0.017;74.9299;1.7707;1.2765;0.0302
68;02-DAPI-1-40x-402ms.tif;BL;0.0197;0.0197;58.7198;1.4011;1.1596;0.0277
69;02-DAPI-1-40x-402ms.tif;BL;0.0372;0.0372;56.7289;1.4956;2.1113;0.0557
70;02-DAPI-1-40x-402ms.tif;BL;0.0668;0.0668;54.0909;1.2971;3.6155;0.0867
71;02-DAPI-1-40x-402ms.tif;BL;0.0312;0.0312;49.7674;1.4688;1.5552;0.0459
72;02-DAPI-1-40x-402ms.tif;BL;0.0219;0.0219;64.2327;1.4901;1.4079;0.0327
73;02-DAPI-1-40x-402ms.tif;BL;0.0674;0.0674;60.6473;1.7665;4.0866;0.119
74;02-DAPI-1-40x-402ms.tif;BL;0.0208;0.0208;51.724;0.901;1.0776;0.0188
75;02-DAPI-1-40x-402ms.tif;BL;0.0268;0.0268;64.336;1;1.7243;0.0268
76;02-DAPI-1-40x-402ms.tif;BL;0.0296;0.0296;86.6264;1.8938;2.5661;0.0561
77;02-DAPI-1-40x-402ms.tif;BL;0.0142;0.0142;64.6412;1.0076;0.9188;0.0143
78;02-DAPI-1-40x-402ms.tif;BL;0.0203;0.0203;71.0856;1.4011;1.4424;0.0284
79;02-DAPI-1-40x-402ms.tif;BL;0.0112;0.0112;74.6602;1.165;0.8344;0.013
80;02-DAPI-1-40x-402ms.tif;BL;0.01;0.01;71.2174;1.4022;0.7109;0.014
81;02-DAPI-1-40x-402ms.tif;BL;0.0226;0.0226;41.5;1.5337;0.9366;0.0346
82;02-DAPI-1-40x-402ms.tif;BL;0.0202;0.0202;44.6613;1.7473;0.9014;0.0353
83;02-DAPI-1-40x-402ms.tif;BL;0.0209;0.0209;48.2694;1.5699;1.0109;0.0329
84;02-DAPI-1-40x-402ms.tif;BL;0.0152;0.0152;39.3643;2.1071;0.598;0.032
85;02-DAPI-1-40x-402ms.tif;BL;0.0302;0.0302;39.7302;1.705;1.1985;0.0514
86;02-DAPI-1-40x-402ms.tif;BL;0.0104;0.0104;40.3333;1.6771;0.4201;0.0175
87;02-DAPI-1-40x-402ms.tif;BL;0.0129;0.0129;50.6471;1.4286;0.654;0.0184
88;02-DAPI-1-40x-402ms.tif;BL;0.0279;0.0279;50.9572;1.4202;1.421;0.0396
89;02-DAPI-1-40x-402ms.tif;BL;0.0245;0.0245;45.3319;1.3584;1.1117;0.0333
90;02-DAPI-1-40x-402ms.tif;BL;0.0295;0.0295;54.9118;1.7721;1.6207;0.0523
91;02-DAPI-1-40x-402ms.tif;BL;0.0155;0.0155;55.6573;1.6294;0.8636;0.0253
92;02-DAPI-1-40x-402ms.tif;BL;0.0124;0.0124;63.6316;1.6228;0.7871;0.0201
93;02-DAPI-1-40x-402ms.tif;BL;0.02;0.02;59.8152;1.625;1.1942;0.0324
94;02-DAPI-1-40x-402ms.tif;BL;0.0171;0.0171;57.1013;1.6203;0.9789;0.0278
95;02-DAPI-1-40x-402ms.tif;BL;0.0322;0.0322;54.3131;2.4949;1.7503;0.0804
96;02-DAPI-1-40x-402ms.tif;BL;0.0107;0.0107;60.0303;1.6162;0.6449;0.0174
97;02-DAPI-1-40x-402ms.tif;BL;0.0138;0.0138;44.8346;2.4803;0.6178;0.0342
98;02-DAPI-1-40x-402ms.tif;BL;0.0163;0.0163;60.4067;1.74;0.9832;0.0283
99;02-DAPI-1-40x-402ms.tif;BL;0.0146;0.0146;58.5778;1.5704;0.8581;0.023
100;02-DAPI-1-40x-402ms.tif;BL;0.0206;0.0206;56.7158;1.3895;1.1693;0.0286
101;02-DAPI-1-40x-402ms.tif;BL;0.0071;0.0071;72.7846;1.6154;0.5133;0.0114
102;02-DAPI-1-40x-402ms.tif;BL;0.0202;0.0202;60.8871;1.1882;1.2288;0.024
103;02-DAPI-1-40x-402ms.tif;BL;0.0328;0.0328;54.8146;2.0099;1.7962;0.0659
104;02-DAPI-1-40x-402ms.tif;BL;0.0154;0.0154;71.7183;2.8662;1.105;0.0442
105;02-DAPI-1-40x-402ms.tif;BL;0.0203;0.0203;60.7487;1.5561;1.2326;0.0316
106;02-DAPI-1-40x-402ms.tif;BL;0.0171;0.0171;59.7532;1.5443;1.0244;0.0265
107;02-DAPI-1-40x-402ms.tif;BL;0.0183;0.0183;71.1243;1.9467;1.3043;0.0357
108;02-DAPI-1-40x-402ms.tif;BL;0.035;0.035;53.3189;1.4892;1.8687;0.0522
109;02-DAPI-1-40x-402ms.tif;BL;0.064;0.064;45.0966;1.1407;2.887;0.073
110;02-DAPI-1-40x-402ms.tif;BL;0.0433;0.0433;58.8596;1.8496;2.5483;0.0801
111;02-DAPI-1-40x-402ms.tif;BL;0.0315;0.0315;49.5448;1.0241;1.559;0.0322
112;02-DAPI-1-40x-402ms.tif;BL;0.0527;0.0527;50.4115;1.2099;2.6584;0.0638
113;02-DAPI-1-40x-402ms.tif;BL;0.0622;0.0622;49.7016;1.1867;3.0902;0.0738
114;02-DAPI-1-40x-402ms.tif;BL;0.0652;0.0652;39.7171;0.7953;2.5901;0.0519
115;02-DAPI-1-40x-402ms.tif;BL;0.0119;0.0119;44.5273;1.5818;0.5315;0.0189
116;02-DAPI-1-40x-402ms.tif;BL;0.032;0.032;66.4237;2.0102;2.1262;0.0643
117;02-DAPI-1-40x-402ms.tif;BL;0.0197;0.0197;55.7527;1.3956;1.101;0.0276
118;02-DAPI-1-40x-402ms.tif;BL;0.0409;0.0409;48.7374;1.2785;1.9937;0.0523
119;02-DAPI-1-40x-402ms.tif;BL;0.0187;0.0187;53.5058;1.3488;0.9986;0.0252
120;02-DAPI-1-40x-402ms.tif;BL;0.0311;0.0311;45.9721;1.5052;1.4316;0.0469
121;02-DAPI-1-40x-402ms.tif;BL;0.0229;0.0229;82.545;2.8009;1.8899;0.0641
122;02-DAPI-1-40x-402ms.tif;BL;0.0411;0.0411;77.6596;1.7863;3.1937;0.0735
123;02-DAPI-1-40x-402ms.tif;BL;0.0251;0.0251;57.9264;1.5022;1.4519;0.0377
124;02-DAPI-1-40x-402ms.tif;BL;0.0431;0.0431;40.461;1.4836;1.7429;0.0639
125;02-DAPI-1-40x-402ms.tif;BL;0.0365;0.0365;49.2708;1.5327;1.7963;0.0559
126;03-DAPI-1-40x-402ms.tif;BL;0.0492;0.0492;45.3841;0.947;2.2308;0.0465
127;03-DAPI-1-40x-402ms.tif;BL;0.0273;0.0273;54.0119;1.2103;1.4769;0.0331
128;03-DAPI-1-40x-402ms.tif;BL;0.0573;0.0573;45.5795;1.1231;2.6113;0.0643
129;03-DAPI-1-40x-402ms.tif;BL;0.0216;0.0216;79.1658;3.1055;1.7094;0.0671
130;03-DAPI-1-40x-402ms.tif;BL;0.0582;0.0582;61.4739;1.5187;3.5753;0.0883
131;03-DAPI-1-40x-402ms.tif;BL;0.0436;0.0436;57.9254;1.4801;2.5267;0.0646
132;03-DAPI-1-40x-402ms.tif;BL;0.0728;0.0728;39.8733;1.3681;2.9031;0.0996
133;03-DAPI-1-40x-402ms.tif;BL;0.0715;0.0715;39.8756;1.0668;2.8513;0.0763
134;03-DAPI-1-40x-402ms.tif;BL;0.0398;0.0398;62.4741;2.0926;2.4878;0.0833
135;03-DAPI-1-40x-402ms.tif;BL;0.0756;0.0756;60.439;1.7877;4.571;0.1352
136;03-DAPI-1-40x-402ms.tif;BL;0.0322;0.0322;69.1481;1.9798;2.2284;0.0638
137;03-DAPI-1-40x-402ms.tif;BL;0.1061;0.1061;48.953;1.3599;5.1949;0.1443
138;03-DAPI-1-40x-402ms.tif;BL;0.0285;0.0285;55.3156;1.2662;1.5786;0.0361
139;03-DAPI-1-40x-402ms.tif;BL;0.0535;0.0535;58.4523;1.2738;3.1268;0.0681
140;03-DAPI-1-40x-402ms.tif;BL;0.0473;0.0473;58.0321;1.5069;2.7454;0.0713
141;03-DAPI-1-40x-402ms.tif;BL;0.0514;0.0514;51.308;1.2257;2.6389;0.063
142;03-DAPI-1-40x-402ms.tif;BL;0.0738;0.0738;53.5868;1.3471;3.9539;0.0994
143;03-DAPI-1-40x-402ms.tif;BL;0.0271;0.0271;64.592;1.58;1.7522;0.0429
144;03-DAPI-1-40x-402ms.tif;BL;0.0259;0.0259;80.0544;3.2594;2.0761;0.0845
145;03-DAPI-1-40x-402ms.tif;BL;0.0192;0.0192;65.0678;4.0452;1.2497;0.0777
146;03-DAPI-1-40x-402ms.tif;BL;0.0322;0.0322;60.8215;6.7003;1.9601;0.2159
147;03-DAPI-1-40x-402ms.tif;BL;0.0264;0.0264;56.1893;4.9753;1.4816;0.1312
148;03-DAPI-1-40x-402ms.tif;BL;0.0437;0.0437;64.402;4.2184;2.8162;0.1845
149;03-DAPI-1-40x-402ms.tif;BL;0.0161;0.0161;72.2162;5.9797;1.1597;0.096
150;03-DAPI-1-40x-402ms.tif;BL;0.0174;0.0174;71.2375;6.9812;1.2368;0.1212
151;03-DAPI-1-40x-402ms.tif;BL;0.0245;0.0245;69.3496;3.3407;1.7006;0.0819
152;03-DAPI-1-40x-402ms.tif;BL;0.0111;0.0111;70.3235;4.6275;0.7783;0.0512
153;03-DAPI-1-40x-402ms.tif;BL;0.0414;0.0414;58.3639;3.6335;2.4192;0.1506
154;03-DAPI-1-40x-402ms.tif;BL;0.0124;0.0124;66.4649;4.8772;0.8222;0.0603
155;03-DAPI-1-40x-402ms.tif;BL;0.0127;0.0127;58.3248;3.359;0.7405;0.0426
156;03-DAPI-1-40x-402ms.tif;BL;0.0137;0.0137;64.6508;3;0.8839;0.041
157;03-DAPI-1-40x-402ms.tif;BL;0.0171;0.0171;63.6582;3.019;1.0914;0.0518
158;03-DAPI-1-40x-402ms.tif;BL;0.0079;0.0079;68.9041;3.1644;0.5458;0.0251
159;03-DAPI-1-40x-402ms.tif;BL;0.0211;0.0211;54.8814;5.8814;1.1553;0.1238
160;03-DAPI-1-40x-402ms.tif;BL;0.0209;0.0209;41.544;1.0363;0.87;0.0217
161;03-DAPI-1-40x-402ms.tif;BL;0.0386;0.0386;52.0253;1.2275;2.0097;0.0474
162;03-DAPI-1-40x-402ms.tif;BL;0.0113;0.0113;63.8654;2.8077;0.7207;0.0317
163;03-DAPI-1-40x-402ms.tif;BL;0.0773;0.0773;55.0407;1.4635;4.2523;0.1131
164;03-DAPI-1-40x-402ms.tif;BL;0.1003;0.1003;50.1017;1.4286;5.0232;0.1432
165;03-DAPI-1-40x-402ms.tif;BL;0.0253;0.0253;48.1073;1.3777;1.2163;0.0348
166;04-DAPI-1-40x-402ms.tif;BL;0.059;0.059;34.1857;1.443;2.0179;0.0852
167;04-DAPI-1-40x-402ms.tif;BL;0.0662;0.0662;43.1721;1.5984;2.8575;0.1058
168;04-DAPI-1-40x-402ms.tif;BL;0.0253;0.0253;65.03;2.5923;1.6441;0.0655
169;04-DAPI-1-40x-402ms.tif;BL;0.0426;0.0426;33.5852;1.5852;1.4322;0.0676
170;04-DAPI-1-40x-402ms.tif;BL;0.0608;0.0608;44.5;1.3357;2.704;0.0812
171;04-DAPI-1-40x-402ms.tif;BL;0.0626;0.0626;40.6898;1.0728;2.5475;0.0672
172;04-DAPI-1-40x-402ms.tif;BL;0.0541;0.0541;38.9018;1.4248;2.1063;0.0771
173;04-DAPI-1-40x-402ms.tif;BL;0.0471;0.0471;48.6544;1.5968;2.2912;0.0752
174;04-DAPI-1-40x-402ms.tif;BL;0.0513;0.0513;52.8879;2.222;2.7144;0.114
175;04-DAPI-1-40x-402ms.tif;BL;0.0305;0.0305;59.2206;2.8434;1.8057;0.0867
176;04-DAPI-1-40x-402ms.tif;BL;0.0722;0.0722;50.6887;2.1639;3.6576;0.1561
177;04-DAPI-1-40x-402ms.tif;BL;0.0554;0.0554;56.7436;2.407;3.1463;0.1335
178;04-DAPI-1-40x-402ms.tif;BL;0.0235;0.0235;67.1106;2.1475;1.5802;0.0506
179;04-DAPI-1-40x-402ms.tif;BL;0.0158;0.0158;91.7877;2.637;1.4541;0.0418
180;04-DAPI-1-40x-402ms.tif;BL;0.0343;0.0343;62.1392;2.1076;2.1306;0.0723
181;04-DAPI-1-40x-402ms.tif;BL;0.0331;0.0331;58.4426;1.4;1.9341;0.0463
182;04-DAPI-1-40x-402ms.tif;BL;0.0244;0.0244;54.5244;1.8978;1.3312;0.0463
183;04-DAPI-1-40x-402ms.tif;BL;0.0745;0.0745;44.7584;1.9083;3.3365;0.1423
184;04-DAPI-1-40x-402ms.tif;BL;0.0373;0.0373;47.9709;1.7994;1.7906;0.0672
185;04-DAPI-1-40x-402ms.tif;BL;0.0435;0.0435;38.8653;1.3716;1.6911;0.0597
186;04-DAPI-1-40x-402ms.tif;BL;0.0372;0.0372;71.9271;2.7609;2.677;0.1028
187;04-DAPI-1-40x-402ms.tif;BL;0.0286;0.0286;42.6705;1.4091;1.2223;0.0404
188;04-DAPI-1-40x-402ms.tif;BL;0.0182;0.0182;76.5595;2.0179;1.3956;0.0368
189;04-DAPI-1-40x-402ms.tif;BL;0.0275;0.0275;61.2332;1.668;1.681;0.0458
190;04-DAPI-1-40x-402ms.tif;BL;0.0544;0.0544;53.1976;4.0978;2.8919;0.2228
191;04-DAPI-1-40x-402ms.tif;BL;0.0743;0.0743;37.7898;0.7912;2.8088;0.0588
192;04-DAPI-1-40x-402ms.tif;BL;0.0334;0.0334;61.7727;1.4318;2.0645;0.0479
193;04-DAPI-1-40x-402ms.tif;BL;0.0512;0.0512;51.25;0.9915;2.6248;0.0508
194;04-DAPI-1-40x-402ms.tif;BL;0.0408;0.0408;36.5319;0.4096;1.4905;0.0167
195;04-DAPI-1-40x-402ms.tif;BL;0.0637;0.0637;53.1158;1.448;3.3831;0.0922
196;04-DAPI-1-40x-402ms.tif;BL;0.017;0.017;48.3822;1.4777;0.8242;0.0252
197;04-DAPI-1-40x-402ms.tif;BL;0.0342;0.0342;36.9206;0.3111;1.2619;0.0106
198;04-DAPI-1-40x-402ms.tif;BL;0.0826;0.0826;29.6518;0.565;2.4485;0.0467
199;04-DAPI-1-40x-402ms.tif;BL;0.0524;0.0524;44.0725;0.648;2.3098;0.034
200;04-DAPI-1-40x-402ms.tif;BL;0.043;0.043;45.0051;1.0682;1.9338;0.0459
201;04-DAPI-1-40x-402ms.tif;BL;0.0273;0.0273;48.8452;1.254;1.3356;0.0343
202;04-DAPI-1-40x-402ms.tif;BL;0.0511;0.0511;42.9618;1.0892;2.1956;0.0557
203;04-DAPI-1-40x-402ms.tif;BL;0.0279;0.0279;47.2062;1.3774;1.3164;0.0384
204;04-DAPI-1-40x-402ms.tif;BL;0.0428;0.0428;60.0457;1.5127;2.5671;0.0647
205;04-DAPI-1-40x-402ms.tif;BL;0.0156;0.0156;52.2431;2.1111;0.8163;0.033
206;04-DAPI-1-40x-402ms.tif;BL;0.062;0.062;56.0018;1.662;3.4697;0.103
207;04-DAPI-1-40x-402ms.tif;BL;0.1161;0.1161;42.7972;1.5935;4.9689;0.185
208;04-DAPI-1-40x-402ms.tif;BL;0.1066;0.1066;34.4175;0.4603;3.6673;0.049
209;04-DAPI-1-40x-402ms.tif;BL;0.0252;0.0252;43.5086;1.2284;1.0953;0.0309
210;04-DAPI-1-40x-402ms.tif;BL;0.02;0.02;51.1522;1.1467;1.0213;0.0229
211;04-DAPI-1-40x-402ms.tif;BL;0.1114;0.1114;33.6699;0.2376;3.7521;0.0265
212;05-DAPI-1-40x-402ms.tif;BL;0.0087;0.0087;43.1125;1.2125;0.3742;0.0105
213;05-DAPI-1-40x-402ms.tif;BL;0.0209;0.0209;48.7668;1.171;1.0213;0.0245
214;05-DAPI-1-40x-402ms.tif;BL;0.023;0.023;59.1604;1.8868;1.3609;0.0434
215;05-DAPI-1-40x-402ms.tif;BL;0.0161;0.0161;52.6081;1.6149;0.8448;0.0259
216;05-DAPI-1-40x-402ms.tif;BL;0.009;0.009;47.7349;1.7711;0.4299;0.016
217;05-DAPI-1-40x-402ms.tif;BL;0.0138;0.0138;43.1024;1.3622;0.594;0.0188
218;05-DAPI-1-40x-402ms.tif;BL;0.0152;0.0152;45.8929;1.8;0.6972;0.0273
219;05-DAPI-1-40x-402ms.tif;BL;0.0224;0.0224;54.6602;1.8058;1.2218;0.0404
220;05-DAPI-1-40x-402ms.tif;BL;0.016;0.016;53.4286;2.068;0.8522;0.033
221;05-DAPI-1-40x-402ms.tif;BL;0.0227;0.0227;44.5598;1.5455;1.0105;0.035
222;05-DAPI-1-40x-402ms.tif;BL;0.0432;0.0432;37.5226;1.392;1.6204;0.0601
223;05-DAPI-1-40x-402ms.tif;BL;0.0946;0.0946;42.43;1.7236;4.0146;0.1631
224;05-DAPI-1-40x-402ms.tif;BL;0.0316;0.0316;39.0653;1.5292;1.2335;0.0483
225;05-DAPI-1-40x-402ms.tif;BL;0.0569;0.0569;43.771;1.4504;2.4887;0.0825
226;05-DAPI-1-40x-402ms.tif;BL;0.0467;0.0467;33.5326;1.5047;1.5646;0.0702
227;05-DAPI-1-40x-402ms.tif;BL;0.0396;0.0396;32.011;1.3863;1.2678;0.0549
228;05-DAPI-1-40x-402ms.tif;BL;0.0383;0.0383;52.9037;2.3456;2.0264;0.0898
229;05-DAPI-1-40x-402ms.tif;BL;0.0321;0.0321;58.723;2.2973;1.8861;0.0738
230;05-DAPI-1-40x-402ms.tif;BL;0.0471;0.0471;56.4608;1.7627;2.6589;0.083
231;05-DAPI-1-40x-402ms.tif;BL;0.0595;0.0595;32.4051;1.2409;1.9269;0.0738
232;05-DAPI-1-40x-402ms.tif;BL;0.0347;0.0347;53.6531;2.4844;1.863;0.0863
233;05-DAPI-1-40x-402ms.tif;BL;0.0553;0.0553;39.8647;1.349;2.2061;0.0747
234;05-DAPI-1-40x-402ms.tif;BL;0.0559;0.0559;42.5476;1.3359;2.3776;0.0747
235;05-DAPI-1-40x-402ms.tif;BL;0.0298;0.0298;46.8618;1.5236;1.3983;0.0455
236;05-DAPI-1-40x-402ms.tif;BL;0.0113;0.0113;33.4808;0.9904;0.3778;0.0112
237;05-DAPI-1-40x-402ms.tif;BL;0.0618;0.0618;42.0158;0.9263;2.5986;0.0573
238;05-DAPI-1-40x-402ms.tif;BL;0.0252;0.0252;57.9612;1.3491;1.4591;0.034
239;05-DAPI-1-40x-402ms.tif;BL;0.016;0.016;62.8571;1.4218;1.0026;0.0227
240;05-DAPI-1-40x-402ms.tif;BL;0.0426;0.0426;38.5649;1.2723;1.6445;0.0543
241;05-DAPI-1-40x-402ms.tif;BL;0.0297;0.0297;47.6679;0.9526;1.4172;0.0283
242;05-DAPI-1-40x-402ms.tif;BL;0.0177;0.0177;58.8834;1.5706;1.0414;0.0278
243;05-DAPI-1-40x-402ms.tif;BL;0.0254;0.0254;21.4957;0.7906;0.5458;0.0201
244;05-DAPI-1-40x-402ms.tif;BL;0.0307;0.0307;49.9894;1.258;1.535;0.0386
245;05-DAPI-1-40x-402ms.tif;BL;0.0195;0.0195;50.8111;1.4611;0.9924;0.0285
246;05-DAPI-1-40x-402ms.tif;BL;0.0194;0.0194;57.4972;1.2402;1.1168;0.0241
247;05-DAPI-1-40x-402ms.tif;BL;0.0135;0.0135;46.1855;0.9274;0.6214;0.0125
248;05-DAPI-1-40x-402ms.tif;BL;0.0115;0.0115;55.9906;1.3679;0.644;0.0157
249;05-DAPI-1-40x-402ms.tif;BL;0.0238;0.0238;51.5297;1.5342;1.2245;0.0365
250;05-DAPI-1-40x-402ms.tif;BL;0.0166;0.0166;40.7974;1.3268;0.6773;0.022
251;05-DAPI-1-40x-402ms.tif;BL;0.028;0.028;46.1938;1.2674;1.2932;0.0355
252;05-DAPI-1-40x-402ms.tif;BL;0.0208;0.0208;72.7344;2.4323;1.5153;0.0507
253;05-DAPI-1-40x-402ms.tif;BL;0.0187;0.0187;33.0291;1.0523;0.6164;0.0196
254;05-DAPI-1-40x-402ms.tif;BL;0.0288;0.0288;31.0906;0.7774;0.894;0.0224
255;05-DAPI-1-40x-402ms.tif;BL;0.0157;0.0157;38.6759;0.8759;0.6085;0.0138
256;05-DAPI-1-40x-402ms.tif;BL;0.0518;0.0518;32.847;0.7379;1.7001;0.0382
257;05-DAPI-1-40x-402ms.tif;BL;0.0244;0.0244;56.3511;0.8356;1.3758;0.0204
258;05-DAPI-1-40x-402ms.tif;BL;0.0442;0.0442;28.2088;0.5823;1.2458;0.0257
259;05-DAPI-1-40x-402ms.tif;BL;0.0525;0.0525;37.4628;0.6343;1.9674;0.0333
260;05-DAPI-1-40x-402ms.tif;BL;0.0671;0.0671;31.267;0.4757;2.0967;0.0319
261;05-DAPI-1-40x-402ms.tif;BL;0.0705;0.0705;36.4954;0.7354;2.574;0.0519
262;05-DAPI-1-40x-402ms.tif;BL;0.0375;0.0375;34.8988;0.7572;1.3102;0.0284
263;05-DAPI-1-40x-402ms.tif;BL;0.028;0.028;68.6783;1.7248;1.9226;0.0483
264;05-DAPI-1-40x-402ms.tif;BL;0.0443;0.0443;31.2549;0.3064;1.3837;0.0136
265;06-DAPI-1-40x-402ms.tif;BL;0.047;0.047;22.0554;0.6882;1.0362;0.0323
266;06-DAPI-1-40x-402ms.tif;BL;0.0302;0.0302;27.6871;0.6619;0.8352;0.02
267;06-DAPI-1-40x-402ms.tif;BL;0.0266;0.0266;25.7061;0.7143;0.6834;0.019
268;06-DAPI-1-40x-402ms.tif;BL;0.0434;0.0434;29.145;0.755;1.265;0.0328
269;06-DAPI-1-40x-402ms.tif;BL;0.0267;0.0267;23.8902;1.0691;0.6377;0.0285
270;06-DAPI-1-40x-402ms.tif;BL;0.0305;0.0305;32.5018;1.242;0.991;0.0379
271;06-DAPI-1-40x-402ms.tif;BL;0.018;0.018;47.012;1.6988;0.8468;0.0306
272;06-DAPI-1-40x-402ms.tif;BL;0.0697;0.0697;32.1324;1.3645;2.2384;0.0951
273;06-DAPI-1-40x-402ms.tif;BL;0.1105;0.1105;29.4519;1.3782;3.2533;0.1522
274;06-DAPI-1-40x-402ms.tif;BL;0.0181;0.0181;28.4072;1.3054;0.5148;0.0237
275;06-DAPI-1-40x-402ms.tif;BL;0.0205;0.0205;41.328;1.5767;0.8475;0.0323
276;06-DAPI-1-40x-402ms.tif;BL;0.0202;0.0202;41.0161;1.6183;0.8278;0.0327
277;06-DAPI-1-40x-402ms.tif;BL;0.0114;0.0114;26.5524;1.0095;0.3025;0.0115
278;06-DAPI-1-40x-402ms.tif;BL;0.0224;0.0224;31.2427;1.2427;0.6984;0.0278
279;06-DAPI-1-40x-402ms.tif;BL;0.0242;0.0242;36.2556;1.3587;0.8773;0.0329
280;06-DAPI-1-40x-402ms.tif;BL;0.0184;0.0184;26.9176;1.1588;0.4965;0.0214
281;06-DAPI-1-40x-402ms.tif;BL;0.0237;0.0237;35.6651;1.2615;0.8436;0.0298
282;06-DAPI-1-40x-402ms.tif;BL;0.0297;0.0297;29.0766;1.3248;0.8645;0.0394
283;06-DAPI-1-40x-402ms.tif;BL;0.0893;0.0893;25.6185;1.4982;2.2878;0.1338
284;06-DAPI-1-40x-402ms.tif;BL;0.0617;0.0617;28.826;1.5641;1.7797;0.0966
285;06-DAPI-1-40x-402ms.tif;BL;0.0605;0.0605;27.8925;1.4713;1.6888;0.0891
286;06-DAPI-1-40x-402ms.tif;BL;0.0988;0.0988;31.989;1.5027;3.1621;0.1485
287;06-DAPI-1-40x-402ms.tif;BL;0.025;0.025;25;1.4652;0.6239;0.0366
288;06-DAPI-1-40x-402ms.tif;BL;0.0485;0.0485;24.698;1.4318;1.1979;0.0694
289;06-DAPI-1-40x-402ms.tif;BL;0.0371;0.0371;28.2398;1.4883;1.048;0.0552
290;06-DAPI-1-40x-402ms.tif;BL;0.0217;0.0217;28.775;1.28;0.6245;0.0278
291;06-DAPI-1-40x-402ms.tif;BL;0.0948;0.0948;25.4428;1.389;2.4129;0.1317
292;06-DAPI-1-40x-402ms.tif;BL;0.1068;0.1068;23.7663;1.2459;2.5375;0.133
293;06-DAPI-1-40x-402ms.tif;BL;0.0581;0.0581;21.4916;0.7645;1.2476;0.0444
294;06-DAPI-1-40x-402ms.tif;BL;0.0608;0.0608;19.0911;0.7732;1.16;0.047
295;06-DAPI-1-40x-402ms.tif;BL;0.0465;0.0465;26.6946;0.7576;1.2426;0.0353
296;06-DAPI-1-40x-402ms.tif;BL;0.0536;0.0536;23.7206;0.6761;1.2715;0.0362
297;06-DAPI-1-40x-402ms.tif;BL;0.0286;0.0286;28.1174;0.6288;0.8054;0.018
298;06-DAPI-1-40x-402ms.tif;BL;0.0257;0.0257;29.3629;0.6329;0.7551;0.0163
299;06-DAPI-1-40x-402ms.tif;BL;0.0464;0.0464;28.8107;0.993;1.338;0.0461
300;06-DAPI-1-40x-402ms.tif;BL;0.0209;0.0209;23.5233;0.8083;0.4926;0.0169
301;06-DAPI-1-40x-402ms.tif;BL;0.0498;0.0498;26.6536;0.9237;1.3275;0.046
302;06-DAPI-1-40x-402ms.tif;BL;0.051;0.051;23.1681;0.734;1.1815;0.0374
303;06-DAPI-1-40x-402ms.tif;BL;0.1122;0.1122;21.5561;0.6306;2.4185;0.0707
304;06-DAPI-1-40x-402ms.tif;BL;0.0284;0.0284;26.6183;0.5076;0.7567;0.0144
305;06-DAPI-1-40x-402ms.tif;BL;0.0237;0.0237;31.3624;0.5413;0.7419;0.0128
306;06-DAPI-1-40x-402ms.tif;BL;0.0524;0.0524;18.6729;0.2091;0.9786;0.011
307;06-DAPI-1-40x-402ms.tif;BL;0.0495;0.0495;24.3268;1.2588;1.2037;0.0623
308;06-DAPI-1-40x-402ms.tif;BL;0.0417;0.0417;25.3359;1.5469;1.0557;0.0645
309;06-DAPI-1-40x-402ms.tif;BL;0.0416;0.0416;32.6423;1.0444;1.3566;0.0434
310;06-DAPI-1-40x-402ms.tif;BL;0.0298;0.0298;24.4509;0.2982;0.7296;0.0089
311;06-DAPI-1-40x-402ms.tif;BL;0.0507;0.0507;17.0128;0.0728;0.8621;0.0037
312;06-DAPI-1-40x-402ms.tif;BL;0.0278;0.0278;22.3359;0.1406;0.6204;0.0039
313;06-DAPI-1-40x-402ms.tif;BL;0.0355;0.0355;21.0765;0.0979;0.7478;0.0035
314;06-DAPI-1-40x-402ms.tif;BL;0.0238;0.0238;21.4612;0.1963;0.51;0.0047
315;06-DAPI-1-40x-402ms.tif;BL;0.0587;0.0587;16.2163;0.0444;0.9519;0.0026
316;07-DAPI-1-40x-402ms.tif;BL;0.048;0.048;23.6425;0.6267;1.1339;0.0301
317;07-DAPI-1-40x-402ms.tif;BL;0.0375;0.0375;23.4798;0.6098;0.8815;0.0229
318;07-DAPI-1-40x-402ms.tif;BL;0.0226;0.0226;29.274;0.875;0.6607;0.0197
319;07-DAPI-1-40x-402ms.tif;BL;0.0284;0.0284;31.2405;1.145;0.8881;0.0326
320;07-DAPI-1-40x-402ms.tif;BL;0.043;0.043;22.4747;0.8131;0.9657;0.0349
321;07-DAPI-1-40x-402ms.tif;BL;0.0378;0.0378;30.3879;0.9828;1.1475;0.0371
322;07-DAPI-1-40x-402ms.tif;BL;0.0244;0.0244;31.76;0.6044;0.7754;0.0148
323;07-DAPI-1-40x-402ms.tif;BL;0.0288;0.0288;27.0642;0.5434;0.7782;0.0156
324;07-DAPI-1-40x-402ms.tif;BL;0.0217;0.0217;24.28;0.62;0.5269;0.0135
325;07-DAPI-1-40x-402ms.tif;BL;0.0241;0.0241;19.0405;0.4369;0.4587;0.0105
326;07-DAPI-1-40x-402ms.tif;BL;0.0241;0.0241;33.4685;0.7883;0.8062;0.019
327;07-DAPI-1-40x-402ms.tif;BL;0.023;0.023;30.2689;1.1509;0.6963;0.0265
328;07-DAPI-1-40x-402ms.tif;BL;0.0414;0.0414;26.7356;0.8037;1.1082;0.0333
329;07-DAPI-1-40x-402ms.tif;BL;0.0305;0.0305;32.3096;1.4342;0.9851;0.0437
330;07-DAPI-1-40x-402ms.tif;BL;0.0204;0.0204;45.4628;1.8723;0.9274;0.0382
331;07-DAPI-1-40x-402ms.tif;BL;0.0611;0.0611;29.2682;1.7176;1.788;0.1049
332;07-DAPI-1-40x-402ms.tif;BL;0.0404;0.0404;26.8817;1.1586;1.0851;0.0468
333;07-DAPI-1-40x-402ms.tif;BL;0.0213;0.0213;27.5867;1.2041;0.5867;0.0256
334;07-DAPI-1-40x-402ms.tif;BL;0.0536;0.0536;26.1235;1.3543;1.4003;0.0726
335;07-DAPI-1-40x-402ms.tif;BL;0.035;0.035;26.13;1.161;0.9158;0.0407
336;07-DAPI-1-40x-402ms.tif;BL;0.0314;0.0314;29.436;1.3564;0.9231;0.0425
337;07-DAPI-1-40x-402ms.tif;BL;0.0333;0.0333;25.886;1.1857;0.8623;0.0395
338;07-DAPI-1-40x-402ms.tif;BL;0.054;0.054;19.1365;0.7631;1.0341;0.0412
339;07-DAPI-1-40x-402ms.tif;BL;0.0405;0.0405;24.6595;0.9866;0.998;0.0399
340;07-DAPI-1-40x-402ms.tif;BL;0.094;0.094;24.6547;1.0254;2.3167;0.0964
341;07-DAPI-1-40x-402ms.tif;BL;0.0251;0.0251;35.5281;1.368;0.8905;0.0343
342;07-DAPI-1-40x-402ms.tif;BL;0.0243;0.0243;18.8036;0.6071;0.457;0.0148
343;07-DAPI-1-40x-402ms.tif;BL;0.0701;0.0701;23.4845;0.8421;1.6462;0.059
344;07-DAPI-1-40x-402ms.tif;BL;0.029;0.029;19.7678;0.6067;0.5727;0.0176
345;07-DAPI-1-40x-402ms.tif;BL;0.0304;0.0304;24.7071;0.8143;0.7507;0.0247
346;07-DAPI-1-40x-402ms.tif;BL;0.0217;0.0217;26.015;0.645;0.5646;0.014
347;07-DAPI-1-40x-402ms.tif;BL;0.0257;0.0257;22.3502;0.4684;0.5748;0.012
348;07-DAPI-1-40x-402ms.tif;BL;0.02;0.02;26.913;0.2663;0.5373;0.0053
349;07-DAPI-1-40x-402ms.tif;BL;0.0136;0.0136;14.12;0.152;0.1915;0.0021
350;07-DAPI-1-40x-402ms.tif;BL;0.0247;0.0247;17.9561;1.0395;0.4442;0.0257
351;07-DAPI-1-40x-402ms.tif;BL;0.0133;0.0133;24.1626;0.4715;0.3225;0.0063
352;07-DAPI-1-40x-402ms.tif;BL;0.0217;0.0217;28.64;0.855;0.6215;0.0186
353;07-DAPI-1-40x-402ms.tif;BL;0.0212;0.0212;21.9282;0.6462;0.464;0.0137
354;07-DAPI-1-40x-402ms.tif;BL;0.013;0.013;30.8833;0.6917;0.4021;0.009
355;07-DAPI-1-40x-402ms.tif;BL;0.0209;0.0209;20.7047;0.1554;0.4336;0.0033
356;07-DAPI-1-40x-402ms.tif;BL;0.0679;0.0679;17.0895;0.3147;1.1608;0.0214
357;07-DAPI-1-40x-402ms.tif;BL;0.0257;0.0257;20.3249;1.097;0.5227;0.0282
358;07-DAPI-1-40x-402ms.tif;BL;0.0459;0.0459;28.4681;0.5106;1.3066;0.0234
359;07-DAPI-1-40x-402ms.tif;BL;0.0288;0.0288;23.2566;0.9283;0.6687;0.0267
360;07-DAPI-1-40x-402ms.tif;BL;0.0151;0.0151;25.446;0.5827;0.3838;0.0088
361;07-DAPI-1-40x-402ms.tif;BL;0.0339;0.0339;20.9936;0.3333;0.7107;0.0113
362;07-DAPI-1-40x-402ms.tif;BL;0.0537;0.0537;16.8162;0.3475;0.9032;0.0187
363;07-DAPI-1-40x-402ms.tif;BL;0.0489;0.0489;24.541;0.8736;1.201;0.0428
364;07-DAPI-1-40x-402ms.tif;BL;0.0164;0.0164;20.0861;0.4834;0.3291;0.0079
365;07-DAPI-1-40x-402ms.tif;BL;0.0271;0.0271;21.86;0.688;0.593;0.0187
366;08-DAPI-1-40x-402ms.tif;BL;0.0348;0.0348;32.0623;1.5639;1.1168;0.0545
367;08-DAPI-1-40x-402ms.tif;BL;0.0293;0.0293;22.0556;0.8704;0.6462;0.0255
368;08-DAPI-1-40x-402ms.tif;BL;0.029;0.029;21.0562;0.9963;0.61;0.0289
369;08-DAPI-1-40x-402ms.tif;BL;0.0157;0.0157;31.6138;0.8759;0.4974;0.0138
370;08-DAPI-1-40x-402ms.tif;BL;0.0303;0.0303;25.6846;0.8136;0.7776;0.0246
371;08-DAPI-1-40x-402ms.tif;BL;0.0267;0.0267;33.7927;1.1301;0.902;0.0302
372;08-DAPI-1-40x-402ms.tif;BL;0.0115;0.0115;47.9717;1.8396;0.5518;0.0212
373;08-DAPI-1-40x-402ms.tif;BL;0.0234;0.0234;26.8611;1.4537;0.6296;0.0341
374;08-DAPI-1-40x-402ms.tif;BL;0.0444;0.0444;28.0538;1.5306;1.245;0.0679
375;08-DAPI-1-40x-402ms.tif;BL;0.0155;0.0155;37.6294;1.7343;0.5839;0.0269
376;08-DAPI-1-40x-402ms.tif;BL;0.0267;0.0267;32.4024;1.5772;0.8649;0.0421
377;08-DAPI-1-40x-402ms.tif;BL;0.0417;0.0417;29.9688;1.5573;1.2487;0.0649
378;08-DAPI-1-40x-402ms.tif;BL;0.0409;0.0409;32.4111;1.6737;1.3258;0.0685
379;08-DAPI-1-40x-402ms.tif;BL;0.0492;0.0492;30.2671;1.6358;1.4877;0.0804
380;08-DAPI-1-40x-402ms.tif;BL;0.0436;0.0436;41.3159;2.2662;1.8022;0.0988
381;08-DAPI-1-40x-402ms.tif;BL;0.0231;0.0231;39.1408;1.9014;0.9046;0.0439
382;08-DAPI-1-40x-402ms.tif;BL;0.0306;0.0306;36.4574;1.5887;1.1156;0.0486
383;08-DAPI-1-40x-402ms.tif;BL;0.0221;0.0221;21.7598;1.402;0.4817;0.031
384;08-DAPI-1-40x-402ms.tif;BL;0.0689;0.0689;25.9181;1.526;1.7858;0.1051
385;08-DAPI-1-40x-402ms.tif;BL;0.0448;0.0448;34.3293;1.5908;1.5384;0.0713
386;08-DAPI-1-40x-402ms.tif;BL;0.0632;0.0632;32.7302;1.5842;2.0669;0.1
387;08-DAPI-1-40x-402ms.tif;BL;0.0485;0.0485;28.5794;1.5391;1.3862;0.0747
388;08-DAPI-1-40x-402ms.tif;BL;0.0218;0.0218;40.1393;1.6368;0.8754;0.0357
389;08-DAPI-1-40x-402ms.tif;BL;0.0326;0.0326;36.8567;1.65;1.1998;0.0537
390;08-DAPI-1-40x-402ms.tif;BL;0.0217;0.0217;47.345;2.335;1.0275;0.0507
391;08-DAPI-1-40x-402ms.tif;BL;0.0231;0.0231;33.8263;1.2347;0.7818;0.0285
392;08-DAPI-1-40x-402ms.tif;BL;0.0512;0.0512;34.7458;1.4089;1.7795;0.0722
393;08-DAPI-1-40x-402ms.tif;BL;0.0344;0.0344;34.489;1.4921;1.1863;0.0513
394;08-DAPI-1-40x-402ms.tif;BL;0.0417;0.0417;33.0026;1.3411;1.3751;0.0559
395;08-DAPI-1-40x-402ms.tif;BL;0.0309;0.0309;36.414;0.7193;1.1261;0.0222
396;08-DAPI-1-40x-402ms.tif;BL;0.0307;0.0307;27.0565;1.4099;0.8308;0.0433
397;08-DAPI-1-40x-402ms.tif;BL;0.0205;0.0205;31.5767;1.545;0.6476;0.0317
398;08-DAPI-1-40x-402ms.tif;BL;0.017;0.017;41.5924;1.6752;0.7086;0.0285
399;08-DAPI-1-40x-402ms.tif;BL;0.0411;0.0411;35.0422;1.6623;1.4411;0.0684
400;08-DAPI-1-40x-402ms.tif;BL;0.0594;0.0594;28.7715;1.3126;1.7077;0.0779
401;08-DAPI-1-40x-402ms.tif;BL;0.0239;0.0239;36.1273;1.3682;0.8624;0.0327
402;08-DAPI-1-40x-402ms.tif;BL;0.0187;0.0187;37.0698;1.2093;0.6918;0.0226
403;08-DAPI-1-40x-402ms.tif;BL;0.022;0.022;29.1527;1.3793;0.6421;0.0304
404;08-DAPI-1-40x-402ms.tif;BL;0.0222;0.0222;32.5659;0.9854;0.7244;0.0219
405;08-DAPI-1-40x-402ms.tif;BL;0.0248;0.0248;37.3712;0.6463;0.9286;0.0161
406;08-DAPI-1-40x-402ms.tif;BL;0.0186;0.0186;23.5088;1.117;0.4362;0.0207
407;08-DAPI-1-40x-402ms.tif;BL;0.0485;0.0485;29.8881;1.0828;1.4497;0.0525
408;08-DAPI-1-40x-402ms.tif;BL;0.0285;0.0285;35.4297;1.5703;1.0111;0.0448
409;08-DAPI-1-40x-402ms.tif;BL;0.0097;0.0097;45.4045;1.6854;0.4385;0.0163
410;08-DAPI-1-40x-402ms.tif;BL;0.0136;0.0136;27.04;1.352;0.3668;0.0183
411;08-DAPI-1-40x-402ms.tif;BL;0.0152;0.0152;41.5429;1.5071;0.6311;0.0229
412;08-DAPI-1-40x-402ms.tif;BL;0.025;0.025;28.7087;1.1565;0.7165;0.0289
413;08-DAPI-1-40x-402ms.tif;BL;0.0179;0.0179;39.6545;1.2788;0.71;0.0229
414;08-DAPI-1-40x-402ms.tif;BL;0.0277;0.0277;34.8431;1.2706;0.9641;0.0352
415;08-DAPI-1-40x-402ms.tif;BL;0.0298;0.0298;20.9382;1.1855;0.6248;0.0354
416;08-DAPI-1-40x-402ms.tif;BL;0.0232;0.0232;29.1075;1.3224;0.6759;0.0307
417;08-DAPI-1-40x-402ms.tif;BL;0.015;0.015;42.0145;1.6667;0.6291;0.025
418;08-DAPI-1-40x-402ms.tif;BL;0.0062;0.0062;32.0702;1.3158;0.1984;0.0081
419;08-DAPI-1-40x-402ms.tif;BL;0.008;0.008;35.6622;1.2432;0.2863;0.01
420;09-DAPI-1-40x-402ms.tif;BL;0.0289;0.0289;102.2594;2.8158;2.9515;0.0813
421;09-DAPI-1-40x-402ms.tif;BL;0.0158;0.0158;113.274;3.4247;1.7945;0.0543
422;09-DAPI-1-40x-402ms.tif;BL;0.0346;0.0346;98.8213;1.2476;3.4206;0.0432
423;09-DAPI-1-40x-402ms.tif;BL;0.059;0.059;114.9265;1.2518;6.7839;0.0739
424;09-DAPI-1-40x-402ms.tif;BL;0.0399;0.0399;114.981;1.1114;4.5913;0.0444
425;09-DAPI-1-40x-402ms.tif;BL;0.0446;0.0446;121.146;2;5.4027;0.0892
426;09-DAPI-1-40x-402ms.tif;BL;0.04;0.04;104.748;2.645;4.194;0.1059
427;09-DAPI-1-40x-402ms.tif;BL;0.0242;0.0242;108.5874;1.4081;2.6275;0.0341
428;09-DAPI-1-40x-402ms.tif;BL;0.0294;0.0294;71.4539;0.7638;2.1011;0.0225
429;09-DAPI-1-40x-402ms.tif;BL;0.04;0.04;75.3171;0.7724;3.0156;0.0309
430;09-DAPI-1-40x-402ms.tif;BL;0.0296;0.0296;77.37;0.7656;2.2919;0.0227
431;09-DAPI-1-40x-402ms.tif;BL;0.0114;0.0114;81.7619;0.5429;0.9315;0.0062
432;09-DAPI-1-40x-402ms.tif;BL;0.0192;0.0192;74.5932;0.6949;1.4326;0.0133
433;09-DAPI-1-40x-402ms.tif;BL;0.0231;0.0231;72.7746;0.7183;1.682;0.0166
434;09-DAPI-1-40x-402ms.tif;BL;0.0283;0.0283;77.4789;0.659;2.1942;0.0187
435;09-DAPI-1-40x-402ms.tif;BL;0.0237;0.0237;86.3716;0.7477;2.0431;0.0177
436;09-DAPI-1-40x-402ms.tif;BL;0.0202;0.0202;79.6237;0.6828;1.607;0.0138
437;09-DAPI-1-40x-402ms.tif;BL;0.0522;0.0522;81.6341;0.657;4.2606;0.0343
438;09-DAPI-1-40x-402ms.tif;BL;0.0559;0.0559;67.2816;0.5825;3.7598;0.0326
439;09-DAPI-1-40x-402ms.tif;BL;0.0226;0.0226;69.4615;0.4087;1.5677;0.0092
440;09-DAPI-1-40x-402ms.tif;BL;0.0165;0.0165;81.4079;0.4342;1.3427;0.0072
441;09-DAPI-1-40x-402ms.tif;BL;0.0235;0.0235;75.2258;0.6452;1.7713;0.0152
442;09-DAPI-1-40x-402ms.tif;BL;0.0393;0.0393;94.9503;0.5083;3.7296;0.02
443;09-DAPI-1-40x-402ms.tif;BL;0.0332;0.0332;100.1863;0.6503;3.3265;0.0216
444;09-DAPI-1-40x-402ms.tif;BL;0.0152;0.0152;76.1714;0.6286;1.1571;0.0095
445;09-DAPI-1-40x-402ms.tif;BL;0.0174;0.0174;59.725;0.75;1.0369;0.013
446;09-DAPI-1-40x-402ms.tif;BL;0.0207;0.0207;92.7068;0.7592;1.9213;0.0157
447;09-DAPI-1-40x-402ms.tif;BL;0.0136;0.0136;77.872;0.824;1.0562;0.0112
448;09-DAPI-1-40x-402ms.tif;BL;0.0192;0.0192;72.1017;0.7458;1.3848;0.0143
449;09-DAPI-1-40x-402ms.tif;BL;0.0179;0.0179;76.5576;0.8909;1.3707;0.016
450;09-DAPI-1-40x-402ms.tif;BL;0.0181;0.0181;76.7844;0.8802;1.3914;0.016
451;09-DAPI-1-40x-402ms.tif;BL;0.0264;0.0264;60.0741;0.9671;1.584;0.0255
452;09-DAPI-1-40x-402ms.tif;BL;0.0187;0.0187;89.0465;1.186;1.6619;0.0221
453;09-DAPI-1-40x-402ms.tif;BL;0.0277;0.0277;83.298;1.4549;2.3048;0.0403
454;09-DAPI-1-40x-402ms.tif;BL;0.0229;0.0229;88.7251;1.218;2.0314;0.0279
455;09-DAPI-1-40x-402ms.tif;BL;0.0253;0.0253;91.279;1.1159;2.3077;0.0282
456;09-DAPI-1-40x-402ms.tif;BL;0.0239;0.0239;79.4682;1.1591;1.897;0.0277
457;09-DAPI-1-40x-402ms.tif;BL;0.0131;0.0131;76.0496;1.1322;0.9985;0.0149
458;09-DAPI-1-40x-402ms.tif;BL;0.0485;0.0485;78.7472;1.1096;3.8194;0.0538
459;09-DAPI-1-40x-402ms.tif;BL;0.041;0.041;92.209;1.2698;3.782;0.0521
460;09-DAPI-1-40x-402ms.tif;BL;0.0611;0.0611;87.1652;1.3446;5.3249;0.0821
461;09-DAPI-1-40x-402ms.tif;BL;0.0591;0.0591;90.1963;1.4037;5.3339;0.083
462;09-DAPI-1-40x-402ms.tif;BL;0.0467;0.0467;90.8116;1.3535;4.2371;0.0632
463;09-DAPI-1-40x-402ms.tif;BL;0.0155;0.0155;77.3636;1.1469;1.2004;0.0178
464;09-DAPI-1-40x-402ms.tif;BL;0.0146;0.0146;61.9556;1.1037;0.9076;0.0162
465;09-DAPI-1-40x-402ms.tif;BL;0.055;0.055;79.3432;1.1479;4.3649;0.0632
466;09-DAPI-1-40x-402ms.tif;BL;0.113;0.113;93.6388;1.2411;10.577;0.1402
467;09-DAPI-1-40x-402ms.tif;BL;0.0891;0.0891;88.3983;1.1011;7.8749;0.0981
468;09-DAPI-1-40x-402ms.tif;BL;0.0445;0.0445;91.1171;0.9146;4.0536;0.0407
469;09-DAPI-1-40x-402ms.tif;BL;0.025;0.025;83.9478;0.9391;2.0951;0.0234
470;09-DAPI-1-40x-402ms.tif;BL;0.0342;0.0342;67.8254;0.6603;2.3183;0.0226
471;09-DAPI-1-40x-402ms.tif;BL;0.0372;0.0372;75.5802;0.895;2.8129;0.0333
472;09-DAPI-1-40x-402ms.tif;BL;0.0354;0.0354;91.5153;0.8344;3.2372;0.0295
473;09-DAPI-1-40x-402ms.tif;BL;0.0246;0.0246;64.6035;0.7269;1.5913;0.0179
474;09-DAPI-1-40x-402ms.tif;BL;0.0169;0.0169;86.7949;0.7564;1.4692;0.0128
475;09-DAPI-1-40x-402ms.tif;BL;0.0194;0.0194;77.2458;0.676;1.5003;0.0131
476;09-DAPI-1-40x-402ms.tif;BL;0.0194;0.0194;74.743;0.5531;1.4517;0.0107
477;09-DAPI-1-40x-402ms.tif;BL;0.0265;0.0265;75.9467;0.373;2.0107;0.0099
478;09-DAPI-1-40x-402ms.tif;BL;0.0111;0.0111;69.0686;0.2157;0.7644;0.0024
479;09-DAPI-1-40x-402ms.tif;BL;0.0135;0.0135;52.371;0.121;0.7046;0.0016
480;09-DAPI-1-40x-402ms.tif;BL;0.0117;0.0117;57.9352;0.2778;0.6789;0.0033
481;09-DAPI-1-40x-402ms.tif;BL;0.053;0.053;90.2336;1.209;4.778;0.064
482;09-DAPI-1-40x-402ms.tif;BL;0.0195;0.0195;80.2111;1.4611;1.5666;0.0285
483;09-DAPI-1-40x-402ms.tif;BL;0.0666;0.0666;67.1287;0.8827;4.4723;0.0588
484;09-DAPI-1-40x-402ms.tif;BL;0.0246;0.0246;95.1586;1.1542;2.3439;0.0284
485;09-DAPI-1-40x-402ms.tif;BL;0.0169;0.0169;92.9808;1.3077;1.5739;0.0221
486;09-DAPI-1-40x-402ms.tif;BL;0.0295;0.0295;123.0662;1.7169;3.6322;0.0507
487;09-DAPI-1-40x-402ms.tif;BL;0.0142;0.0142;76.9313;0.9924;1.0935;0.0141
488;09-DAPI-1-40x-402ms.tif;BL;0.023;0.023;80.0896;0.7453;1.8423;0.0171
489;09-DAPI-1-40x-402ms.tif;BL;0.0075;0.0075;77.5942;0.3768;0.5809;0.0028
490;09-DAPI-1-40x-402ms.tif;BL;0.025;0.025;79.0913;0.413;1.9738;0.0103
491;09-DAPI-1-40x-402ms.tif;BL;0.0202;0.0202;78.5269;0.1344;1.5849;0.0027
492;09-DAPI-1-40x-402ms.tif;BL;0.0211;0.0211;62.2784;0.1443;1.311;0.003
493;09-DAPI-1-40x-402ms.tif;BL;0.0146;0.0146;61.237;0.4222;0.897;0.0062
494;09-DAPI-1-40x-402ms.tif;BL;0.0319;0.0319;121.0544;1.5918;3.8618;0.0508
495;09-DAPI-1-40x-402ms.tif;BL;0.0219;0.0219;118.7277;1.7673;2.6023;0.0387
496;09-DAPI-1-40x-402ms.tif;BL;0.0192;0.0192;114.9209;2.9209;2.2071;0.0561
497;09-DAPI-1-40x-402ms.tif;BL;0.0379;0.0379;78.9628;1.0831;2.9902;0.041
498;14-DAPI-1-40x-402ms.tif;BL;0.08;0.08;58.9009;0.9932;4.7103;0.0794
499;14-DAPI-1-40x-402ms.tif;BL;0.0334;0.0334;38.4838;0.8247;1.2861;0.0276
500;14-DAPI-1-40x-402ms.tif;BL;0.0475;0.0475;69.8539;1.1393;3.3199;0.0541
501;14-DAPI-1-40x-402ms.tif;BL;0.0718;0.0718;63.2734;1.0408;4.545;0.0748
502;14-DAPI-1-40x-402ms.tif;BL;0.1009;0.1009;56.1118;1.2151;5.6623;0.1226
503;14-DAPI-1-40x-402ms.tif;BL;0.0841;0.0841;69.1342;1.3071;5.8137;0.1099
504;14-DAPI-1-40x-402ms.tif;BL;0.0578;0.0578;62.4071;1.137;3.6093;0.0658
505;14-DAPI-1-40x-402ms.tif;BL;0.0432;0.0432;74.0528;1.1307;3.198;0.0488
506;14-DAPI-1-40x-402ms.tif;BL;0.0294;0.0294;93.1587;1.417;2.7394;0.0417
507;14-DAPI-1-40x-402ms.tif;BL;0.0605;0.0605;102.9337;1.7867;6.2323;0.1082
508;14-DAPI-1-40x-402ms.tif;BL;0.045;0.045;80.0892;1.5952;3.6064;0.0718
509;14-DAPI-1-40x-402ms.tif;BL;0.0398;0.0398;105.4496;1.6757;4.1992;0.0667
510;14-DAPI-1-40x-402ms.tif;BL;0.0425;0.0425;81.773;1.4464;3.4782;0.0615
511;14-DAPI-1-40x-402ms.tif;BL;0.0386;0.0386;85.1264;1.5365;3.2883;0.0594
512;14-DAPI-1-40x-402ms.tif;BL;0.08;0.08;74.4573;1.5427;5.9543;0.1234
513;14-DAPI-1-40x-402ms.tif;BL;0.0487;0.0487;81.2806;1.5278;3.96;0.0744
514;14-DAPI-1-40x-402ms.tif;BL;0.0718;0.0718;69.7492;1.4532;5.0102;0.1044
515;14-DAPI-1-40x-402ms.tif;BL;0.0647;0.0647;64.9446;1.344;4.2;0.0869
516;14-DAPI-1-40x-402ms.tif;BL;0.0472;0.0472;74.6667;1.308;3.5243;0.0617
517;14-DAPI-1-40x-402ms.tif;BL;0.0334;0.0334;78.2435;1.8571;2.6149;0.0621
518;14-DAPI-1-40x-402ms.tif;BL;0.0483;0.0483;87.5663;1.5213;4.2282;0.0735
519;14-DAPI-1-40x-402ms.tif;BL;0.0179;0.0179;82.6;1.5394;1.4788;0.0276
520;14-DAPI-1-40x-402ms.tif;BL;0.0512;0.0512;90.6081;1.4089;4.6405;0.0722
521;14-DAPI-1-40x-402ms.tif;BL;0.0214;0.0214;70.198;1.2284;1.5005;0.0263
522;14-DAPI-1-40x-402ms.tif;BL;0.0476;0.0476;59.426;1.0547;2.8307;0.0502
523;14-DAPI-1-40x-402ms.tif;BL;0.0669;0.0669;69.3647;1.2642;4.6439;0.0846
524;14-DAPI-1-40x-402ms.tif;BL;0.0201;0.0201;80.7622;1.1892;1.6212;0.0239
525;14-DAPI-1-40x-402ms.tif;BL;0.0369;0.0369;80.2794;1.3618;2.9617;0.0502
526;14-DAPI-1-40x-402ms.tif;BL;0.0656;0.0656;71.5273;1.276;4.6955;0.0838
527;14-DAPI-1-40x-402ms.tif;BL;0.0605;0.0605;66.4624;1.1057;4.0241;0.0669
528;14-DAPI-1-40x-402ms.tif;BL;0.0737;0.0737;69.6627;0.9072;5.1325;0.0668
529;14-DAPI-1-40x-402ms.tif;BL;0.0212;0.0212;71.8513;1.3026;1.5203;0.0276
530;14-DAPI-1-40x-402ms.tif;BL;0.017;0.017;46.2994;0.9873;0.7887;0.0168
531;14-DAPI-1-40x-402ms.tif;BL;0.0533;0.0533;64.1466;1.0998;3.4175;0.0586
532;15-DAPI-1-40x-402ms.tif;BL;0.0778;0.0778;74.6416;1.7085;5.8071;0.1329
533;15-DAPI-1-40x-402ms.tif;BL;0.0512;0.0512;73.8877;1.5275;3.7842;0.0782
534;15-DAPI-1-40x-402ms.tif;BL;0.0668;0.0668;59.0568;1.6136;3.9474;0.1079
535;15-DAPI-1-40x-402ms.tif;BL;0.0731;0.0731;68.5772;1.4896;5.0153;0.1089
536;15-DAPI-1-40x-402ms.tif;BL;0.0464;0.0464;87.014;1.5561;4.041;0.0723
537;15-DAPI-1-40x-402ms.tif;BL;0.0854;0.0854;66.2173;1.5032;5.6546;0.1284
538;15-DAPI-1-40x-402ms.tif;BL;0.0791;0.0791;73.2085;1.3608;5.7909;0.1076
539;15-DAPI-1-40x-402ms.tif;BL;0.0298;0.0298;89.8691;1.5127;2.6816;0.0451
540;15-DAPI-1-40x-402ms.tif;BL;0.0672;0.0672;84.7835;1.4233;5.6946;0.0956
541;15-DAPI-1-40x-402ms.tif;BL;0.0567;0.0567;70.4608;1.2734;3.9986;0.0723
542;15-DAPI-1-40x-402ms.tif;BL;0.0435;0.0435;69.3516;1.0973;3.0176;0.0477
543;15-DAPI-1-40x-402ms.tif;BL;0.0241;0.0241;91.982;1.2973;2.2157;0.0312
544;15-DAPI-1-40x-402ms.tif;BL;0.0786;0.0786;70.6934;1.1215;5.5536;0.0881
545;15-DAPI-1-40x-402ms.tif;BL;0.028;0.028;66.0388;1.314;1.8487;0.0368
546;15-DAPI-1-40x-402ms.tif;BL;0.0211;0.0211;62.1495;1.5103;1.3083;0.0318
547;15-DAPI-1-40x-402ms.tif;BL;0.0194;0.0194;85.3687;1.0168;1.6581;0.0197
548;15-DAPI-1-40x-402ms.tif;BL;0.0205;0.0205;79.6455;1.1905;1.6334;0.0244
549;15-DAPI-1-40x-402ms.tif;BL;0.0331;0.0331;74.7803;1.082;2.4748;0.0358
550;15-DAPI-1-40x-402ms.tif;BL;0.0319;0.0319;61.7823;0.8605;1.9709;0.0275
551;15-DAPI-1-40x-402ms.tif;BL;0.0218;0.0218;78.3035;0.9751;1.7078;0.0213
552;15-DAPI-1-40x-402ms.tif;BL;0.0196;0.0196;75.5746;0.8564;1.4843;0.0168
553;15-DAPI-1-40x-402ms.tif;BL;0.0328;0.0328;74.2285;1.702;2.4324;0.0558
554;15-DAPI-1-40x-402ms.tif;BL;0.0269;0.0269;96.8306;1.5968;2.6057;0.043
555;15-DAPI-1-40x-402ms.tif;BL;0.042;0.042;64.6667;1.9147;2.7155;0.0804
556;15-DAPI-1-40x-402ms.tif;BL;0.0326;0.0326;74.3833;1.6067;2.4213;0.0523
557;15-DAPI-1-40x-402ms.tif;BL;0.0492;0.0492;65.106;1.4658;3.2002;0.072
558;15-DAPI-1-40x-402ms.tif;BL;0.0233;0.0233;69.3023;1.6884;1.6168;0.0394
559;15-DAPI-1-40x-402ms.tif;BL;0.0391;0.0391;90.6417;1.7;3.5407;0.0664
560;15-DAPI-1-40x-402ms.tif;BL;0.0441;0.0441;68.4581;1.1404;3.0158;0.0502
561;15-DAPI-1-40x-402ms.tif;BL;0.0273;0.0273;83.6508;0.996;2.2873;0.0272
562;15-DAPI-1-40x-402ms.tif;BL;0.0728;0.0728;59.0492;1.0179;4.2993;0.0741
563;15-DAPI-1-40x-402ms.tif;BL;0.0799;0.0799;60.2554;0.8505;4.8121;0.0679
564;15-DAPI-1-40x-402ms.tif;BL;0.0464;0.0464;66.729;0.9206;3.099;0.0428
565;15-DAPI-1-40x-402ms.tif;BL;0.0238;0.0238;66.2648;0.726;1.5747;0.0173
566;15-DAPI-1-40x-402ms.tif;BL;0.0599;0.0599;58.3551;0.5743;3.4952;0.0344
567;15-DAPI-1-40x-402ms.tif;BL;0.051;0.051;47.7106;0.3468;2.4332;0.0177
568;15-DAPI-1-40x-402ms.tif;BL;0.026;0.026;92.5;1.4292;2.4089;0.0372
569;15-DAPI-1-40x-402ms.tif;BL;0.0117;0.0117;95.7222;1.963;1.1217;0.023
570;15-DAPI-1-40x-402ms.tif;BL;0.0241;0.0241;62.4865;0.9459;1.5052;0.0228
571;15-DAPI-1-40x-402ms.tif;BL;0.0194;0.0194;62.5196;1.1453;1.2143;0.0222
572;15-DAPI-1-40x-402ms.tif;BL;0.1003;0.1003;55.6331;0.6169;5.5778;0.0618
573;16-DAPI-1-40x-402ms.tif;BL;0.0367;0.0367;115.4201;1.7308;4.2331;0.0635
574;16-DAPI-1-40x-402ms.tif;BL;0.038;0.038;121.9486;1.8543;4.6313;0.0704
575;16-DAPI-1-40x-402ms.tif;BL;0.0379;0.0379;109.7937;1.7708;4.1578;0.0671
576;16-DAPI-1-40x-402ms.tif;BL;0.0192;0.0192;119.9774;1.8983;2.3043;0.0365
577;16-DAPI-1-40x-402ms.tif;BL;0.0267;0.0267;125.0732;2.2073;3.3385;0.0589
578;16-DAPI-1-40x-402ms.tif;BL;0.0239;0.0239;101.2273;1.1682;2.4164;0.0279
579;16-DAPI-1-40x-402ms.tif;BL;0.0332;0.0332;102.8072;1.3105;3.4135;0.0435
580;16-DAPI-1-40x-402ms.tif;BL;0.0302;0.0302;107.7518;1.2914;3.2503;0.039
581;16-DAPI-1-40x-402ms.tif;BL;0.0302;0.0302;120.0791;1.741;3.6222;0.0525
582;16-DAPI-1-40x-402ms.tif;BL;0.0409;0.0409;87.3289;1.5889;3.5724;0.065
583;16-DAPI-1-40x-402ms.tif;BL;0.0295;0.0295;94.6176;1.6618;2.7925;0.049
584;16-DAPI-1-40x-402ms.tif;BL;0.0184;0.0184;115.9765;1.6941;2.1393;0.0312
585;16-DAPI-1-40x-402ms.tif;BL;0.0224;0.0224;118.1845;2.466;2.6417;0.0551
586;16-DAPI-1-40x-402ms.tif;BL;0.0546;0.0546;91.5447;1.165;4.9964;0.0636
587;16-DAPI-1-40x-402ms.tif;BL;0.0368;0.0368;113.6165;1.6401;4.1793;0.0603
588;16-DAPI-1-40x-402ms.tif;BL;0.05;0.05;93.449;1.039;4.6745;0.052
589;16-DAPI-1-40x-402ms.tif;BL;0.0242;0.0242;107.4305;1.2466;2.5995;0.0302
590;16-DAPI-1-40x-402ms.tif;BL;0.0556;0.0556;96.4883;1.0254;5.3605;0.057
591;16-DAPI-1-40x-402ms.tif;BL;0.0309;0.0309;109.5684;1.1018;3.3883;0.0341
592;16-DAPI-1-40x-402ms.tif;BL;0.0548;0.0548;82.9881;1.0317;4.5474;0.0565
593;16-DAPI-1-40x-402ms.tif;BL;0.0362;0.0362;79.8084;0.8623;2.8924;0.0312
594;16-DAPI-1-40x-402ms.tif;BL;0.0348;0.0348;98.4642;1.1776;3.4296;0.041
595;16-DAPI-1-40x-402ms.tif;BL;0.0299;0.0299;113.2464;1.279;3.3915;0.0383
596;16-DAPI-1-40x-402ms.tif;BL;0.0219;0.0219;68.2327;0.6931;1.4956;0.0152
597;16-DAPI-1-40x-402ms.tif;BL;0.0192;0.0192;67.9774;0.8305;1.3056;0.016
598;16-DAPI-1-40x-402ms.tif;BL;0.0235;0.0235;71.8571;1.3041;1.6919;0.0307
599;16-DAPI-1-40x-402ms.tif;BL;0.0256;0.0256;61.2754;1.1398;1.5691;0.0292
600;16-DAPI-1-40x-402ms.tif;BL;0.0213;0.0213;80.9235;1.2194;1.721;0.0259
601;16-DAPI-1-40x-402ms.tif;BL;0.0176;0.0176;106.3889;1.1049;1.8701;0.0194
602;16-DAPI-1-40x-402ms.tif;BL;0.0561;0.0561;51.0271;1.4836;2.8625;0.0832
603;16-DAPI-1-40x-402ms.tif;BL;0.0248;0.0248;86.2489;1.2576;2.1431;0.0312
604;16-DAPI-1-40x-402ms.tif;BL;0.0166;0.0166;105.719;1.5294;1.7551;0.0254
605;16-DAPI-1-40x-402ms.tif;BL;0.0181;0.0181;112.2275;1.6647;2.0336;0.0302
606;16-DAPI-1-40x-402ms.tif;BL;0.0253;0.0253;112.0386;1.6223;2.8326;0.041
607;16-DAPI-1-40x-402ms.tif;BL;0.0354;0.0354;108.681;1.9969;3.8444;0.0706
608;16-DAPI-1-40x-402ms.tif;BL;0.037;0.037;88.1994;1.7478;3.2635;0.0647
609;16-DAPI-1-40x-402ms.tif;BL;0.0431;0.0431;113.534;1.6625;4.8907;0.0716
610;16-DAPI-1-40x-402ms.tif;BL;0.0574;0.0574;83.7505;1.9168;4.8073;0.11
611;16-DAPI-1-40x-402ms.tif;BL;0.0148;0.0148;59.1324;1.5515;0.8726;0.0229
612;16-DAPI-1-40x-402ms.tif;BL;0.0583;0.0583;101.8752;0.9385;5.9361;0.0547
613;16-DAPI-1-40x-402ms.tif;BL;0.0221;0.0221;82.701;1.1765;1.8306;0.026
614;16-DAPI-1-40x-402ms.tif;BL;0.0315;0.0315;78.469;0.6379;2.4692;0.0201
615;16-DAPI-1-40x-402ms.tif;BL;0.0761;0.0761;57.7447;0.7019;4.3923;0.0534
616;16-DAPI-1-40x-402ms.tif;BL;0.0514;0.0514;69.673;0.5443;3.5834;0.028
617;16-DAPI-1-40x-402ms.tif;BL;0.0632;0.0632;64.5808;0.5155;4.0783;0.0326
618;16-DAPI-1-40x-402ms.tif;BL;0.0271;0.0271;59.844;0.332;1.6234;0.009
619;16-DAPI-1-40x-402ms.tif;BL;0.0321;0.0321;119.9696;2.3885;3.8532;0.0767
620;16-DAPI-1-40x-402ms.tif;BL;0.0148;0.0148;59.6985;1.8824;0.881;0.0278
621;16-DAPI-1-40x-402ms.tif;BL;0.0344;0.0344;86.5237;1.1924;2.9761;0.041
622;16-DAPI-1-40x-402ms.tif;BL;0.0459;0.0459;75.6383;0.6241;3.4717;0.0286
623;16-DAPI-1-40x-402ms.tif;BL;0.0204;0.0204;112.883;1.2234;2.3027;0.025
624;16-DAPI-1-40x-402ms.tif;BL;0.0146;0.0146;84.7926;1.0222;1.2421;0.015
625;16-DAPI-1-40x-402ms.tif;BL;0.0242;0.0242;100.0448;0.6682;2.4208;0.0162
626;16-DAPI-1-40x-402ms.tif;BL;0.0461;0.0461;76.7294;0.8;3.5384;0.0369
627;16-DAPI-1-40x-402ms.tif;BL;0.064;0.064;73.6102;0.7051;4.7125;0.0451
628;16-DAPI-1-40x-402ms.tif;BL;0.0406;0.0406;67.1524;0.6738;2.7252;0.0273
629;16-DAPI-1-40x-402ms.tif;BL;0.0272;0.0272;104.3028;1.2112;2.8407;0.033
630;16-DAPI-1-40x-402ms.tif;BL;0.0425;0.0425;115.0536;1.676;4.8938;0.0713
